path,modality,file_type,is_mask,split,slices_saved,issue
/Users/ayushchhetry/spartis assignment/JUH_MR-CT_dataset/CT/image_CT/5_CT_s2.dcm,CT,dicom,False,train,3,
/Users/ayushchhetry/spartis assignment/JUH_MR-CT_dataset/CT/image_CT/1_CT_s5.dcm,CT,dicom,False,train,3,
/Users/ayushchhetry/spartis assignment/JUH_MR-CT_dataset/CT/image_CT/10_CT_s3.dcm,CT,dicom,False,train,3,
/Users/ayushchhetry/spartis assignment/JUH_MR-CT_dataset/CT/image_CT/16_CT_s5.dcm,CT,dicom,False,train,3,
/Users/ayushchhetry/spartis assignment/JUH_MR-CT_dataset/CT/image_CT/8_CT_s3.dcm,CT,dicom,False,train,3,
/Users/ayushchhetry/spartis assignment/JUH_MR-CT_dataset/CT/image_CT/10_CT_s5.dcm,CT,dicom,False,train,3,
/Users/ayushchhetry/spartis assignment/JUH_MR-CT_dataset/CT/image_CT/18_CT_s3.dcm,CT,dicom,False,train,3,
/Users/ayushchhetry/spartis assignment/JUH_MR-CT_dataset/CT/image_CT/16_CT_s4.dcm,CT,dicom,False,train,3,
/Users/ayushchhetry/spartis assignment/JUH_MR-CT_dataset/CT/image_CT/2_CT_s1.dcm,CT,dicom,False,train,3,
/Users/ayushchhetry/spartis assignment/JUH_MR-CT_dataset/CT/image_CT/14_CT_s4.dcm,CT,dicom,False,train,3,
/Users/ayushchhetry/spartis assignment/JUH_MR-CT_dataset/CT/image_CT/18_CT_s4.dcm,CT,dicom,False,train,3,
/Users/ayushchhetry/spartis assignment/JUH_MR-CT_dataset/CT/image_CT/16_CT_s3.dcm,CT,dicom,False,train,3,
/Users/ayushchhetry/spartis assignment/JUH_MR-CT_dataset/CT/image_CT/16_CT_s1.dcm,CT,dicom,False,train,3,
/Users/ayushchhetry/spartis assignment/JUH_MR-CT_dataset/CT/image_CT/18_CT_s2.dcm,CT,dicom,False,train,3,
/Users/ayushchhetry/spartis assignment/JUH_MR-CT_dataset/CT/image_CT/5_CT_s1.dcm,CT,dicom,False,train,3,
/Users/ayushchhetry/spartis assignment/JUH_MR-CT_dataset/CT/image_CT/15_CT_s5.dcm,CT,dicom,False,train,3,
/Users/ayushchhetry/spartis assignment/JUH_MR-CT_dataset/CT/image_CT/17_CT_s3.dcm,CT,dicom,False,train,3,
/Users/ayushchhetry/spartis assignment/JUH_MR-CT_dataset/CT/image_CT/10_CT_s1.dcm,CT,dicom,False,train,3,
/Users/ayushchhetry/spartis assignment/JUH_MR-CT_dataset/CT/image_CT/19_CT_s1.dcm,CT,dicom,False,train,3,
/Users/ayushchhetry/spartis assignment/JUH_MR-CT_dataset/CT/image_CT/9_CT_s2.dcm,CT,dicom,False,train,3,
/Users/ayushchhetry/spartis assignment/JUH_MR-CT_dataset/CT/image_CT/5_CT_s5.dcm,CT,dicom,False,train,3,
/Users/ayushchhetry/spartis assignment/JUH_MR-CT_dataset/CT/image_CT/2_CT_s4.dcm,CT,dicom,False,train,3,
/Users/ayushchhetry/spartis assignment/JUH_MR-CT_dataset/CT/image_CT/3_CT_s1.dcm,CT,dicom,False,train,3,
/Users/ayushchhetry/spartis assignment/JUH_MR-CT_dataset/CT/image_CT/14_CT_s3.dcm,CT,dicom,False,train,3,
/Users/ayushchhetry/spartis assignment/JUH_MR-CT_dataset/CT/image_CT/11_CT_s3.dcm,CT,dicom,False,train,3,
/Users/ayushchhetry/spartis assignment/JUH_MR-CT_dataset/CT/image_CT/20_CT_s1.dcm,CT,dicom,False,train,3,
/Users/ayushchhetry/spartis assignment/JUH_MR-CT_dataset/CT/image_CT/15_CT_s2.dcm,CT,dicom,False,train,3,
/Users/ayushchhetry/spartis assignment/JUH_MR-CT_dataset/CT/image_CT/7_CT_s4.dcm,CT,dicom,False,train,3,
/Users/ayushchhetry/spartis assignment/JUH_MR-CT_dataset/CT/image_CT/15_CT_s6.dcm,CT,dicom,False,train,3,
/Users/ayushchhetry/spartis assignment/JUH_MR-CT_dataset/CT/image_CT/9_CT_s3.dcm,CT,dicom,False,train,3,
/Users/ayushchhetry/spartis assignment/JUH_MR-CT_dataset/CT/image_CT/6_CT_s2.dcm,CT,dicom,False,train,3,
/Users/ayushchhetry/spartis assignment/JUH_MR-CT_dataset/CT/image_CT/12_CT_s1.dcm,CT,dicom,False,train,3,
/Users/ayushchhetry/spartis assignment/JUH_MR-CT_dataset/CT/image_CT/1_CT_s4.dcm,CT,dicom,False,train,3,
/Users/ayushchhetry/spartis assignment/JUH_MR-CT_dataset/CT/image_CT/11_CT_s1.dcm,CT,dicom,False,train,3,
/Users/ayushchhetry/spartis assignment/JUH_MR-CT_dataset/CT/image_CT/20_CT_s4.dcm,CT,dicom,False,train,3,
/Users/ayushchhetry/spartis assignment/JUH_MR-CT_dataset/CT/image_CT/10_CT_s2.dcm,CT,dicom,False,train,3,
/Users/ayushchhetry/spartis assignment/JUH_MR-CT_dataset/CT/image_CT/18_CT_s1.dcm,CT,dicom,False,train,3,
/Users/ayushchhetry/spartis assignment/JUH_MR-CT_dataset/CT/image_CT/19_CT_s2.dcm,CT,dicom,False,train,3,
/Users/ayushchhetry/spartis assignment/JUH_MR-CT_dataset/CT/image_CT/4_CT_s3.dcm,CT,dicom,False,train,3,
/Users/ayushchhetry/spartis assignment/JUH_MR-CT_dataset/CT/image_CT/5_CT_s4.dcm,CT,dicom,False,train,3,
/Users/ayushchhetry/spartis assignment/JUH_MR-CT_dataset/CT/image_CT/8_CT_s2.dcm,CT,dicom,False,train,3,
/Users/ayushchhetry/spartis assignment/JUH_MR-CT_dataset/CT/image_CT/15_CT_s1.dcm,CT,dicom,False,train,3,
/Users/ayushchhetry/spartis assignment/JUH_MR-CT_dataset/CT/image_CT/6_CT_s3.dcm,CT,dicom,False,train,3,
/Users/ayushchhetry/spartis assignment/JUH_MR-CT_dataset/CT/image_CT/3_CT_s3.dcm,CT,dicom,False,train,3,
/Users/ayushchhetry/spartis assignment/JUH_MR-CT_dataset/CT/image_CT/17_CT_s2.dcm,CT,dicom,False,train,3,
/Users/ayushchhetry/spartis assignment/JUH_MR-CT_dataset/CT/image_CT/2_CT_s3.dcm,CT,dicom,False,train,3,
/Users/ayushchhetry/spartis assignment/JUH_MR-CT_dataset/CT/image_CT/15_CT_s4.dcm,CT,dicom,False,train,3,
/Users/ayushchhetry/spartis assignment/JUH_MR-CT_dataset/CT/image_CT/8_CT_s5.dcm,CT,dicom,False,train,3,
/Users/ayushchhetry/spartis assignment/JUH_MR-CT_dataset/CT/image_CT/20_CT_s5.dcm,CT,dicom,False,train,3,
/Users/ayushchhetry/spartis assignment/JUH_MR-CT_dataset/CT/image_CT/14_CT_s1.dcm,CT,dicom,False,train,3,
/Users/ayushchhetry/spartis assignment/JUH_MR-CT_dataset/CT/image_CT/9_CT_s1.dcm,CT,dicom,False,train,3,
/Users/ayushchhetry/spartis assignment/JUH_MR-CT_dataset/CT/image_CT/19_CT_s4.dcm,CT,dicom,False,train,3,
/Users/ayushchhetry/spartis assignment/JUH_MR-CT_dataset/CT/image_CT/11_CT_s5.dcm,CT,dicom,False,train,3,
/Users/ayushchhetry/spartis assignment/JUH_MR-CT_dataset/CT/image_CT/17_CT_s1.dcm,CT,dicom,False,train,3,
/Users/ayushchhetry/spartis assignment/JUH_MR-CT_dataset/CT/image_CT/3_CT_s2.dcm,CT,dicom,False,train,3,
/Users/ayushchhetry/spartis assignment/JUH_MR-CT_dataset/CT/image_CT/8_CT_s1.dcm,CT,dicom,False,train,3,
/Users/ayushchhetry/spartis assignment/JUH_MR-CT_dataset/CT/image_CT/14_CT_s2.dcm,CT,dicom,False,train,3,
/Users/ayushchhetry/spartis assignment/JUH_MR-CT_dataset/CT/image_CT/19_CT_s3.dcm,CT,dicom,False,train,3,
/Users/ayushchhetry/spartis assignment/JUH_MR-CT_dataset/CT/image_CT/1_CT_s2.dcm,CT,dicom,False,train,3,
/Users/ayushchhetry/spartis assignment/JUH_MR-CT_dataset/CT/image_CT/19_CT_s5.dcm,CT,dicom,False,train,3,
/Users/ayushchhetry/spartis assignment/JUH_MR-CT_dataset/CT/image_CT/8_CT_s4.dcm,CT,dicom,False,train,3,
/Users/ayushchhetry/spartis assignment/JUH_MR-CT_dataset/CT/image_CT/5_CT_s3.dcm,CT,dicom,False,val,3,
/Users/ayushchhetry/spartis assignment/JUH_MR-CT_dataset/CT/image_CT/10_CT_s4.dcm,CT,dicom,False,val,3,
/Users/ayushchhetry/spartis assignment/JUH_MR-CT_dataset/CT/image_CT/17_CT_s4.dcm,CT,dicom,False,val,3,
/Users/ayushchhetry/spartis assignment/JUH_MR-CT_dataset/CT/image_CT/16_CT_s6.dcm,CT,dicom,False,val,3,
/Users/ayushchhetry/spartis assignment/JUH_MR-CT_dataset/CT/image_CT/2_CT_s2.dcm,CT,dicom,False,val,3,
/Users/ayushchhetry/spartis assignment/JUH_MR-CT_dataset/CT/image_CT/7_CT_s1.dcm,CT,dicom,False,val,3,
/Users/ayushchhetry/spartis assignment/JUH_MR-CT_dataset/CT/image_CT/20_CT_s3.dcm,CT,dicom,False,val,3,
/Users/ayushchhetry/spartis assignment/JUH_MR-CT_dataset/CT/image_CT/1_CT_s3.dcm,CT,dicom,False,val,3,
/Users/ayushchhetry/spartis assignment/JUH_MR-CT_dataset/CT/image_CT/11_CT_s2.dcm,CT,dicom,False,val,3,
/Users/ayushchhetry/spartis assignment/JUH_MR-CT_dataset/CT/image_CT/7_CT_s3.dcm,CT,dicom,False,val,3,
/Users/ayushchhetry/spartis assignment/JUH_MR-CT_dataset/CT/image_CT/12_CT_s2.dcm,CT,dicom,False,val,3,
/Users/ayushchhetry/spartis assignment/JUH_MR-CT_dataset/CT/image_CT/6_CT_s1.dcm,CT,dicom,False,val,3,
/Users/ayushchhetry/spartis assignment/JUH_MR-CT_dataset/CT/image_CT/18_CT_s5.dcm,CT,dicom,False,val,3,
/Users/ayushchhetry/spartis assignment/JUH_MR-CT_dataset/CT/image_CT/15_CT_s3.dcm,CT,dicom,False,test,3,
/Users/ayushchhetry/spartis assignment/JUH_MR-CT_dataset/CT/image_CT/14_CT_s5.dcm,CT,dicom,False,test,3,
/Users/ayushchhetry/spartis assignment/JUH_MR-CT_dataset/CT/image_CT/17_CT_s5.dcm,CT,dicom,False,test,3,
/Users/ayushchhetry/spartis assignment/JUH_MR-CT_dataset/CT/image_CT/3_CT_s4.dcm,CT,dicom,False,test,3,
/Users/ayushchhetry/spartis assignment/JUH_MR-CT_dataset/CT/image_CT/1_CT_s1.dcm,CT,dicom,False,test,3,
/Users/ayushchhetry/spartis assignment/JUH_MR-CT_dataset/CT/image_CT/12_CT_s3.dcm,CT,dicom,False,test,3,
/Users/ayushchhetry/spartis assignment/JUH_MR-CT_dataset/CT/image_CT/20_CT_s2.dcm,CT,dicom,False,test,3,
/Users/ayushchhetry/spartis assignment/JUH_MR-CT_dataset/CT/image_CT/13_CT_s1.dcm,CT,dicom,False,test,3,
/Users/ayushchhetry/spartis assignment/JUH_MR-CT_dataset/CT/image_CT/12_CT_s4.dcm,CT,dicom,False,test,3,
/Users/ayushchhetry/spartis assignment/JUH_MR-CT_dataset/CT/image_CT/4_CT_s2.dcm,CT,dicom,False,test,3,
/Users/ayushchhetry/spartis assignment/JUH_MR-CT_dataset/CT/image_CT/17_CT_s6.dcm,CT,dicom,False,test,3,
/Users/ayushchhetry/spartis assignment/JUH_MR-CT_dataset/CT/image_CT/4_CT_s1.dcm,CT,dicom,False,test,3,
/Users/ayushchhetry/spartis assignment/JUH_MR-CT_dataset/CT/image_CT/7_CT_s2.dcm,CT,dicom,False,test,3,
/Users/ayushchhetry/spartis assignment/JUH_MR-CT_dataset/CT/image_CT/11_CT_s4.dcm,CT,dicom,False,test,3,
/Users/ayushchhetry/spartis assignment/JUH_MR-CT_dataset/MR/image_MR/6_MR_s2.dcm,MRI,dicom,False,train,3,
/Users/ayushchhetry/spartis assignment/JUH_MR-CT_dataset/MR/image_MR/2_MR_s3.dcm,MRI,dicom,False,train,3,
/Users/ayushchhetry/spartis assignment/JUH_MR-CT_dataset/MR/image_MR/9_MR_s5.dcm,MRI,dicom,False,train,3,
/Users/ayushchhetry/spartis assignment/JUH_MR-CT_dataset/MR/image_MR/10_MR_s3.dcm,MRI,dicom,False,train,3,
/Users/ayushchhetry/spartis assignment/JUH_MR-CT_dataset/MR/image_MR/16_MR_s4.dcm,MRI,dicom,False,train,3,
/Users/ayushchhetry/spartis assignment/JUH_MR-CT_dataset/MR/image_MR/20_MR_s3.dcm,MRI,dicom,False,train,3,
/Users/ayushchhetry/spartis assignment/JUH_MR-CT_dataset/MR/image_MR/10_MR_s5.dcm,MRI,dicom,False,train,3,
/Users/ayushchhetry/spartis assignment/JUH_MR-CT_dataset/MR/image_MR/8_MR_s5.dcm,MRI,dicom,False,train,3,
/Users/ayushchhetry/spartis assignment/JUH_MR-CT_dataset/MR/image_MR/7_MR_s2.dcm,MRI,dicom,False,train,3,
/Users/ayushchhetry/spartis assignment/JUH_MR-CT_dataset/MR/image_MR/14_MR_s4.dcm,MRI,dicom,False,train,3,
/Users/ayushchhetry/spartis assignment/JUH_MR-CT_dataset/MR/image_MR/17_MR_s5.dcm,MRI,dicom,False,train,3,
/Users/ayushchhetry/spartis assignment/JUH_MR-CT_dataset/MR/image_MR/18_MR_s4.dcm,MRI,dicom,False,train,3,
/Users/ayushchhetry/spartis assignment/JUH_MR-CT_dataset/MR/image_MR/6_MR_s5.dcm,MRI,dicom,False,train,3,
/Users/ayushchhetry/spartis assignment/JUH_MR-CT_dataset/MR/image_MR/19_MR_s2.dcm,MRI,dicom,False,train,3,
/Users/ayushchhetry/spartis assignment/JUH_MR-CT_dataset/MR/image_MR/17_MR_s1.dcm,MRI,dicom,False,train,3,
/Users/ayushchhetry/spartis assignment/JUH_MR-CT_dataset/MR/image_MR/18_MR_s6.dcm,MRI,dicom,False,train,3,
/Users/ayushchhetry/spartis assignment/JUH_MR-CT_dataset/MR/image_MR/11_MR_s3.dcm,MRI,dicom,False,train,3,
/Users/ayushchhetry/spartis assignment/JUH_MR-CT_dataset/MR/image_MR/4_MR_s1.dcm,MRI,dicom,False,train,3,
/Users/ayushchhetry/spartis assignment/JUH_MR-CT_dataset/MR/image_MR/3_MR_s4.dcm,MRI,dicom,False,train,3,
/Users/ayushchhetry/spartis assignment/JUH_MR-CT_dataset/MR/image_MR/7_MR_s5.dcm,MRI,dicom,False,train,3,
/Users/ayushchhetry/spartis assignment/JUH_MR-CT_dataset/MR/image_MR/10_MR_s1.dcm,MRI,dicom,False,train,3,
/Users/ayushchhetry/spartis assignment/JUH_MR-CT_dataset/MR/image_MR/20_MR_s1.dcm,MRI,dicom,False,train,3,
/Users/ayushchhetry/spartis assignment/JUH_MR-CT_dataset/MR/image_MR/16_MR_s1.dcm,MRI,dicom,False,train,3,
/Users/ayushchhetry/spartis assignment/JUH_MR-CT_dataset/MR/image_MR/16_MR_s2.dcm,MRI,dicom,False,train,3,
/Users/ayushchhetry/spartis assignment/JUH_MR-CT_dataset/MR/image_MR/9_MR_s1.dcm,MRI,dicom,False,train,3,
/Users/ayushchhetry/spartis assignment/JUH_MR-CT_dataset/MR/image_MR/16_MR_s5.dcm,MRI,dicom,False,train,3,
/Users/ayushchhetry/spartis assignment/JUH_MR-CT_dataset/MR/image_MR/15_MR_s3.dcm,MRI,dicom,False,train,3,
/Users/ayushchhetry/spartis assignment/JUH_MR-CT_dataset/MR/image_MR/5_MR_s1.dcm,MRI,dicom,False,train,3,
/Users/ayushchhetry/spartis assignment/JUH_MR-CT_dataset/MR/image_MR/5_MR_s3.dcm,MRI,dicom,False,train,3,
/Users/ayushchhetry/spartis assignment/JUH_MR-CT_dataset/MR/image_MR/18_MR_s3.dcm,MRI,dicom,False,train,3,
/Users/ayushchhetry/spartis assignment/JUH_MR-CT_dataset/MR/image_MR/12_MR_s1.dcm,MRI,dicom,False,train,3,
/Users/ayushchhetry/spartis assignment/JUH_MR-CT_dataset/MR/image_MR/16_MR_s3.dcm,MRI,dicom,False,train,3,
/Users/ayushchhetry/spartis assignment/JUH_MR-CT_dataset/MR/image_MR/14_MR_s3.dcm,MRI,dicom,False,train,3,
/Users/ayushchhetry/spartis assignment/JUH_MR-CT_dataset/MR/image_MR/8_MR_s2.dcm,MRI,dicom,False,train,3,
/Users/ayushchhetry/spartis assignment/JUH_MR-CT_dataset/MR/image_MR/20_MR_s2.dcm,MRI,dicom,False,train,3,
/Users/ayushchhetry/spartis assignment/JUH_MR-CT_dataset/MR/image_MR/11_MR_s1.dcm,MRI,dicom,False,train,3,
/Users/ayushchhetry/spartis assignment/JUH_MR-CT_dataset/MR/image_MR/2_MR_s4.dcm,MRI,dicom,False,train,3,
/Users/ayushchhetry/spartis assignment/JUH_MR-CT_dataset/MR/image_MR/10_MR_s2.dcm,MRI,dicom,False,train,3,
/Users/ayushchhetry/spartis assignment/JUH_MR-CT_dataset/MR/image_MR/18_MR_s5.dcm,MRI,dicom,False,train,3,
/Users/ayushchhetry/spartis assignment/JUH_MR-CT_dataset/MR/image_MR/3_MR_s6.dcm,MRI,dicom,False,train,3,
/Users/ayushchhetry/spartis assignment/JUH_MR-CT_dataset/MR/image_MR/2_MR_s5.dcm,MRI,dicom,False,train,3,
/Users/ayushchhetry/spartis assignment/JUH_MR-CT_dataset/MR/image_MR/6_MR_s4.dcm,MRI,dicom,False,train,3,
/Users/ayushchhetry/spartis assignment/JUH_MR-CT_dataset/MR/image_MR/8_MR_s4.dcm,MRI,dicom,False,train,3,
/Users/ayushchhetry/spartis assignment/JUH_MR-CT_dataset/MR/image_MR/15_MR_s2.dcm,MRI,dicom,False,train,3,
/Users/ayushchhetry/spartis assignment/JUH_MR-CT_dataset/MR/image_MR/9_MR_s4.dcm,MRI,dicom,False,train,3,
/Users/ayushchhetry/spartis assignment/JUH_MR-CT_dataset/MR/image_MR/19_MR_s3.dcm,MRI,dicom,False,train,3,
/Users/ayushchhetry/spartis assignment/JUH_MR-CT_dataset/MR/image_MR/9_MR_s3.dcm,MRI,dicom,False,train,3,
/Users/ayushchhetry/spartis assignment/JUH_MR-CT_dataset/MR/image_MR/17_MR_s4.dcm,MRI,dicom,False,train,3,
/Users/ayushchhetry/spartis assignment/JUH_MR-CT_dataset/MR/image_MR/6_MR_s1.dcm,MRI,dicom,False,train,3,
/Users/ayushchhetry/spartis assignment/JUH_MR-CT_dataset/MR/image_MR/15_MR_s5.dcm,MRI,dicom,False,train,3,
/Users/ayushchhetry/spartis assignment/JUH_MR-CT_dataset/MR/image_MR/9_MR_s2.dcm,MRI,dicom,False,train,3,
/Users/ayushchhetry/spartis assignment/JUH_MR-CT_dataset/MR/image_MR/3_MR_s3.dcm,MRI,dicom,False,train,3,
/Users/ayushchhetry/spartis assignment/JUH_MR-CT_dataset/MR/image_MR/14_MR_s1.dcm,MRI,dicom,False,train,3,
/Users/ayushchhetry/spartis assignment/JUH_MR-CT_dataset/MR/image_MR/3_MR_s5.dcm,MRI,dicom,False,train,3,
/Users/ayushchhetry/spartis assignment/JUH_MR-CT_dataset/MR/image_MR/1_MR_s1.dcm,MRI,dicom,False,train,3,
/Users/ayushchhetry/spartis assignment/JUH_MR-CT_dataset/MR/image_MR/11_MR_s5.dcm,MRI,dicom,False,train,3,
/Users/ayushchhetry/spartis assignment/JUH_MR-CT_dataset/MR/image_MR/17_MR_s3.dcm,MRI,dicom,False,train,3,
/Users/ayushchhetry/spartis assignment/JUH_MR-CT_dataset/MR/image_MR/10_MR_s4.dcm,MRI,dicom,False,train,3,
/Users/ayushchhetry/spartis assignment/JUH_MR-CT_dataset/MR/image_MR/8_MR_s3.dcm,MRI,dicom,False,train,3,
/Users/ayushchhetry/spartis assignment/JUH_MR-CT_dataset/MR/image_MR/14_MR_s2.dcm,MRI,dicom,False,train,3,
/Users/ayushchhetry/spartis assignment/JUH_MR-CT_dataset/MR/image_MR/19_MR_s4.dcm,MRI,dicom,False,train,3,
/Users/ayushchhetry/spartis assignment/JUH_MR-CT_dataset/MR/image_MR/1_MR_s4.dcm,MRI,dicom,False,train,3,
/Users/ayushchhetry/spartis assignment/JUH_MR-CT_dataset/MR/image_MR/1_MR_s2.dcm,MRI,dicom,False,val,3,
/Users/ayushchhetry/spartis assignment/JUH_MR-CT_dataset/MR/image_MR/5_MR_s2.dcm,MRI,dicom,False,val,3,
/Users/ayushchhetry/spartis assignment/JUH_MR-CT_dataset/MR/image_MR/6_MR_s3.dcm,MRI,dicom,False,val,3,
/Users/ayushchhetry/spartis assignment/JUH_MR-CT_dataset/MR/image_MR/17_MR_s6.dcm,MRI,dicom,False,val,3,
/Users/ayushchhetry/spartis assignment/JUH_MR-CT_dataset/MR/image_MR/17_MR_s2.dcm,MRI,dicom,False,val,3,
/Users/ayushchhetry/spartis assignment/JUH_MR-CT_dataset/MR/image_MR/3_MR_s1.dcm,MRI,dicom,False,val,3,
/Users/ayushchhetry/spartis assignment/JUH_MR-CT_dataset/MR/image_MR/7_MR_s4.dcm,MRI,dicom,False,val,3,
/Users/ayushchhetry/spartis assignment/JUH_MR-CT_dataset/MR/image_MR/2_MR_s2.dcm,MRI,dicom,False,val,3,
/Users/ayushchhetry/spartis assignment/JUH_MR-CT_dataset/MR/image_MR/1_MR_s5.dcm,MRI,dicom,False,val,3,
/Users/ayushchhetry/spartis assignment/JUH_MR-CT_dataset/MR/image_MR/11_MR_s2.dcm,MRI,dicom,False,val,3,
/Users/ayushchhetry/spartis assignment/JUH_MR-CT_dataset/MR/image_MR/8_MR_s1.dcm,MRI,dicom,False,val,3,
/Users/ayushchhetry/spartis assignment/JUH_MR-CT_dataset/MR/image_MR/12_MR_s2.dcm,MRI,dicom,False,val,3,
/Users/ayushchhetry/spartis assignment/JUH_MR-CT_dataset/MR/image_MR/7_MR_s1.dcm,MRI,dicom,False,val,3,
/Users/ayushchhetry/spartis assignment/JUH_MR-CT_dataset/MR/image_MR/19_MR_s1.dcm,MRI,dicom,False,test,3,
/Users/ayushchhetry/spartis assignment/JUH_MR-CT_dataset/MR/image_MR/15_MR_s4.dcm,MRI,dicom,False,test,3,
/Users/ayushchhetry/spartis assignment/JUH_MR-CT_dataset/MR/image_MR/15_MR_s1.dcm,MRI,dicom,False,test,3,
/Users/ayushchhetry/spartis assignment/JUH_MR-CT_dataset/MR/image_MR/18_MR_s1.dcm,MRI,dicom,False,test,3,
/Users/ayushchhetry/spartis assignment/JUH_MR-CT_dataset/MR/image_MR/4_MR_s2.dcm,MRI,dicom,False,test,3,
/Users/ayushchhetry/spartis assignment/JUH_MR-CT_dataset/MR/image_MR/1_MR_s3.dcm,MRI,dicom,False,test,3,
/Users/ayushchhetry/spartis assignment/JUH_MR-CT_dataset/MR/image_MR/12_MR_s3.dcm,MRI,dicom,False,test,3,
/Users/ayushchhetry/spartis assignment/JUH_MR-CT_dataset/MR/image_MR/2_MR_s1.dcm,MRI,dicom,False,test,3,
/Users/ayushchhetry/spartis assignment/JUH_MR-CT_dataset/MR/image_MR/13_MR_s1.dcm,MRI,dicom,False,test,3,
/Users/ayushchhetry/spartis assignment/JUH_MR-CT_dataset/MR/image_MR/12_MR_s4.dcm,MRI,dicom,False,test,3,
/Users/ayushchhetry/spartis assignment/JUH_MR-CT_dataset/MR/image_MR/5_MR.dcm,MRI,dicom,False,test,3,
/Users/ayushchhetry/spartis assignment/JUH_MR-CT_dataset/MR/image_MR/18_MR_s2.dcm,MRI,dicom,False,test,3,
/Users/ayushchhetry/spartis assignment/JUH_MR-CT_dataset/MR/image_MR/4_MR_s3.dcm,MRI,dicom,False,test,3,
/Users/ayushchhetry/spartis assignment/JUH_MR-CT_dataset/MR/image_MR/7_MR_s3.dcm,MRI,dicom,False,test,3,
/Users/ayushchhetry/spartis assignment/JUH_MR-CT_dataset/MR/image_MR/11_MR_s4.dcm,MRI,dicom,False,test,3,
/Users/ayushchhetry/spartis assignment/JUH_MR-CT_dataset/CT/mask_CT/5_CT_m2.dcm,CT,dicom,True,train,3,
/Users/ayushchhetry/spartis assignment/JUH_MR-CT_dataset/CT/mask_CT/1_CT_m5.dcm,CT,dicom,True,train,3,
/Users/ayushchhetry/spartis assignment/JUH_MR-CT_dataset/CT/mask_CT/10_CT_m3.dcm,CT,dicom,True,train,3,
/Users/ayushchhetry/spartis assignment/JUH_MR-CT_dataset/CT/mask_CT/16_CT_m5.dcm,CT,dicom,True,train,3,
/Users/ayushchhetry/spartis assignment/JUH_MR-CT_dataset/CT/mask_CT/8_CT_m3.dcm,CT,dicom,True,train,3,
/Users/ayushchhetry/spartis assignment/JUH_MR-CT_dataset/CT/mask_CT/10_CT_m5.dcm,CT,dicom,True,train,3,
/Users/ayushchhetry/spartis assignment/JUH_MR-CT_dataset/CT/mask_CT/18_CT_m3.dcm,CT,dicom,True,train,3,
/Users/ayushchhetry/spartis assignment/JUH_MR-CT_dataset/CT/mask_CT/16_CT_m4.dcm,CT,dicom,True,train,3,
/Users/ayushchhetry/spartis assignment/JUH_MR-CT_dataset/CT/mask_CT/2_CT_m1.dcm,CT,dicom,True,train,3,
/Users/ayushchhetry/spartis assignment/JUH_MR-CT_dataset/CT/mask_CT/14_CT_s4.dcm,CT,dicom,True,train,3,
/Users/ayushchhetry/spartis assignment/JUH_MR-CT_dataset/CT/mask_CT/18_CT_m4.dcm,CT,dicom,True,train,3,
/Users/ayushchhetry/spartis assignment/JUH_MR-CT_dataset/CT/mask_CT/16_CT_m3.dcm,CT,dicom,True,train,3,
/Users/ayushchhetry/spartis assignment/JUH_MR-CT_dataset/CT/mask_CT/16_CT_m1.dcm,CT,dicom,True,train,3,
/Users/ayushchhetry/spartis assignment/JUH_MR-CT_dataset/CT/mask_CT/18_CT_m2.dcm,CT,dicom,True,train,3,
/Users/ayushchhetry/spartis assignment/JUH_MR-CT_dataset/CT/mask_CT/5_CT_m1.dcm,CT,dicom,True,train,3,
/Users/ayushchhetry/spartis assignment/JUH_MR-CT_dataset/CT/mask_CT/15_CT_m5.dcm,CT,dicom,True,train,3,
/Users/ayushchhetry/spartis assignment/JUH_MR-CT_dataset/CT/mask_CT/17_CT_m3.dcm,CT,dicom,True,train,3,
/Users/ayushchhetry/spartis assignment/JUH_MR-CT_dataset/CT/mask_CT/10_CT_m1.dcm,CT,dicom,True,train,3,
/Users/ayushchhetry/spartis assignment/JUH_MR-CT_dataset/CT/mask_CT/19_CT_m1.dcm,CT,dicom,True,train,3,
/Users/ayushchhetry/spartis assignment/JUH_MR-CT_dataset/CT/mask_CT/9_CT_m2.dcm,CT,dicom,True,train,3,
/Users/ayushchhetry/spartis assignment/JUH_MR-CT_dataset/CT/mask_CT/5_CT_m5.dcm,CT,dicom,True,train,3,
/Users/ayushchhetry/spartis assignment/JUH_MR-CT_dataset/CT/mask_CT/2_CT_m4.dcm,CT,dicom,True,train,3,
/Users/ayushchhetry/spartis assignment/JUH_MR-CT_dataset/CT/mask_CT/3_CT_m1.dcm,CT,dicom,True,train,3,
/Users/ayushchhetry/spartis assignment/JUH_MR-CT_dataset/CT/mask_CT/14_CT_s3.dcm,CT,dicom,True,train,3,
/Users/ayushchhetry/spartis assignment/JUH_MR-CT_dataset/CT/mask_CT/11_CT_m3.dcm,CT,dicom,True,train,3,
/Users/ayushchhetry/spartis assignment/JUH_MR-CT_dataset/CT/mask_CT/20_CT_m1.dcm,CT,dicom,True,train,3,
/Users/ayushchhetry/spartis assignment/JUH_MR-CT_dataset/CT/mask_CT/15_CT_m2.dcm,CT,dicom,True,train,3,
/Users/ayushchhetry/spartis assignment/JUH_MR-CT_dataset/CT/mask_CT/7_CT_m4.dcm,CT,dicom,True,train,3,
/Users/ayushchhetry/spartis assignment/JUH_MR-CT_dataset/CT/mask_CT/15_CT_m6.dcm,CT,dicom,True,train,3,
/Users/ayushchhetry/spartis assignment/JUH_MR-CT_dataset/CT/mask_CT/9_CT_m3.dcm,CT,dicom,True,train,3,
/Users/ayushchhetry/spartis assignment/JUH_MR-CT_dataset/CT/mask_CT/6_CT_m2.dcm,CT,dicom,True,train,3,
/Users/ayushchhetry/spartis assignment/JUH_MR-CT_dataset/CT/mask_CT/12_CT_m1.dcm,CT,dicom,True,train,3,
/Users/ayushchhetry/spartis assignment/JUH_MR-CT_dataset/CT/mask_CT/1_CT_m4.dcm,CT,dicom,True,train,3,
/Users/ayushchhetry/spartis assignment/JUH_MR-CT_dataset/CT/mask_CT/11_CT_m1.dcm,CT,dicom,True,train,3,
/Users/ayushchhetry/spartis assignment/JUH_MR-CT_dataset/CT/mask_CT/20_CT_m4.dcm,CT,dicom,True,train,3,
/Users/ayushchhetry/spartis assignment/JUH_MR-CT_dataset/CT/mask_CT/10_CT_m2.dcm,CT,dicom,True,train,3,
/Users/ayushchhetry/spartis assignment/JUH_MR-CT_dataset/CT/mask_CT/18_CT_m1.dcm,CT,dicom,True,train,3,
/Users/ayushchhetry/spartis assignment/JUH_MR-CT_dataset/CT/mask_CT/19_CT_m2.dcm,CT,dicom,True,train,3,
/Users/ayushchhetry/spartis assignment/JUH_MR-CT_dataset/CT/mask_CT/4_CT_m3.dcm,CT,dicom,True,train,3,
/Users/ayushchhetry/spartis assignment/JUH_MR-CT_dataset/CT/mask_CT/5_CT_m4.dcm,CT,dicom,True,train,3,
/Users/ayushchhetry/spartis assignment/JUH_MR-CT_dataset/CT/mask_CT/8_CT_m2.dcm,CT,dicom,True,train,3,
/Users/ayushchhetry/spartis assignment/JUH_MR-CT_dataset/CT/mask_CT/15_CT_m1.dcm,CT,dicom,True,train,3,
/Users/ayushchhetry/spartis assignment/JUH_MR-CT_dataset/CT/mask_CT/6_CT_m3.dcm,CT,dicom,True,train,3,
/Users/ayushchhetry/spartis assignment/JUH_MR-CT_dataset/CT/mask_CT/3_CT_m3.dcm,CT,dicom,True,train,3,
/Users/ayushchhetry/spartis assignment/JUH_MR-CT_dataset/CT/mask_CT/17_CT_m2.dcm,CT,dicom,True,train,3,
/Users/ayushchhetry/spartis assignment/JUH_MR-CT_dataset/CT/mask_CT/2_CT_m3.dcm,CT,dicom,True,train,3,
/Users/ayushchhetry/spartis assignment/JUH_MR-CT_dataset/CT/mask_CT/15_CT_m4.dcm,CT,dicom,True,train,3,
/Users/ayushchhetry/spartis assignment/JUH_MR-CT_dataset/CT/mask_CT/8_CT_m5.dcm,CT,dicom,True,train,3,
/Users/ayushchhetry/spartis assignment/JUH_MR-CT_dataset/CT/mask_CT/20_CT_m5.dcm,CT,dicom,True,train,3,
/Users/ayushchhetry/spartis assignment/JUH_MR-CT_dataset/CT/mask_CT/14_CT_m1.dcm,CT,dicom,True,train,3,
/Users/ayushchhetry/spartis assignment/JUH_MR-CT_dataset/CT/mask_CT/9_CT_m1.dcm,CT,dicom,True,train,3,
/Users/ayushchhetry/spartis assignment/JUH_MR-CT_dataset/CT/mask_CT/19_CT_m4.dcm,CT,dicom,True,train,3,
/Users/ayushchhetry/spartis assignment/JUH_MR-CT_dataset/CT/mask_CT/11_CT_m5.dcm,CT,dicom,True,train,3,
/Users/ayushchhetry/spartis assignment/JUH_MR-CT_dataset/CT/mask_CT/17_CT_m1.dcm,CT,dicom,True,train,3,
/Users/ayushchhetry/spartis assignment/JUH_MR-CT_dataset/CT/mask_CT/3_CT_m2.dcm,CT,dicom,True,train,3,
/Users/ayushchhetry/spartis assignment/JUH_MR-CT_dataset/CT/mask_CT/8_CT_m1.dcm,CT,dicom,True,train,3,
/Users/ayushchhetry/spartis assignment/JUH_MR-CT_dataset/CT/mask_CT/14_CT_s2.dcm,CT,dicom,True,train,3,
/Users/ayushchhetry/spartis assignment/JUH_MR-CT_dataset/CT/mask_CT/19_CT_m3.dcm,CT,dicom,True,train,3,
/Users/ayushchhetry/spartis assignment/JUH_MR-CT_dataset/CT/mask_CT/1_CT_m2.dcm,CT,dicom,True,train,3,
/Users/ayushchhetry/spartis assignment/JUH_MR-CT_dataset/CT/mask_CT/19_CT_m5.dcm,CT,dicom,True,train,3,
/Users/ayushchhetry/spartis assignment/JUH_MR-CT_dataset/CT/mask_CT/8_CT_m4.dcm,CT,dicom,True,train,3,
/Users/ayushchhetry/spartis assignment/JUH_MR-CT_dataset/CT/mask_CT/5_CT_m3.dcm,CT,dicom,True,val,3,
/Users/ayushchhetry/spartis assignment/JUH_MR-CT_dataset/CT/mask_CT/10_CT_m4.dcm,CT,dicom,True,val,3,
/Users/ayushchhetry/spartis assignment/JUH_MR-CT_dataset/CT/mask_CT/17_CT_m4.dcm,CT,dicom,True,val,3,
/Users/ayushchhetry/spartis assignment/JUH_MR-CT_dataset/CT/mask_CT/16_CT_m6.dcm,CT,dicom,True,val,3,
/Users/ayushchhetry/spartis assignment/JUH_MR-CT_dataset/CT/mask_CT/2_CT_m2.dcm,CT,dicom,True,val,3,
/Users/ayushchhetry/spartis assignment/JUH_MR-CT_dataset/CT/mask_CT/7_CT_m1.dcm,CT,dicom,True,val,3,
/Users/ayushchhetry/spartis assignment/JUH_MR-CT_dataset/CT/mask_CT/20_CT_m3.dcm,CT,dicom,True,val,3,
/Users/ayushchhetry/spartis assignment/JUH_MR-CT_dataset/CT/mask_CT/1_CT_m3.dcm,CT,dicom,True,val,3,
/Users/ayushchhetry/spartis assignment/JUH_MR-CT_dataset/CT/mask_CT/11_CT_m2.dcm,CT,dicom,True,val,3,
/Users/ayushchhetry/spartis assignment/JUH_MR-CT_dataset/CT/mask_CT/7_CT_m3.dcm,CT,dicom,True,val,3,
/Users/ayushchhetry/spartis assignment/JUH_MR-CT_dataset/CT/mask_CT/12_CT_m2.dcm,CT,dicom,True,val,3,
/Users/ayushchhetry/spartis assignment/JUH_MR-CT_dataset/CT/mask_CT/6_CT_m1.dcm,CT,dicom,True,val,3,
/Users/ayushchhetry/spartis assignment/JUH_MR-CT_dataset/CT/mask_CT/18_CT_m5.dcm,CT,dicom,True,val,3,
/Users/ayushchhetry/spartis assignment/JUH_MR-CT_dataset/CT/mask_CT/15_CT_m3.dcm,CT,dicom,True,test,3,
/Users/ayushchhetry/spartis assignment/JUH_MR-CT_dataset/CT/mask_CT/14_CT_s5.dcm,CT,dicom,True,test,3,
/Users/ayushchhetry/spartis assignment/JUH_MR-CT_dataset/CT/mask_CT/17_CT_m5.dcm,CT,dicom,True,test,3,
/Users/ayushchhetry/spartis assignment/JUH_MR-CT_dataset/CT/mask_CT/3_CT_m4.dcm,CT,dicom,True,test,3,
/Users/ayushchhetry/spartis assignment/JUH_MR-CT_dataset/CT/mask_CT/1_CT_m1.dcm,CT,dicom,True,test,3,
/Users/ayushchhetry/spartis assignment/JUH_MR-CT_dataset/CT/mask_CT/12_CT_m3.dcm,CT,dicom,True,test,3,
/Users/ayushchhetry/spartis assignment/JUH_MR-CT_dataset/CT/mask_CT/20_CT_m2.dcm,CT,dicom,True,test,3,
/Users/ayushchhetry/spartis assignment/JUH_MR-CT_dataset/CT/mask_CT/13_CT_m1.dcm,CT,dicom,True,test,3,
/Users/ayushchhetry/spartis assignment/JUH_MR-CT_dataset/CT/mask_CT/12_CT_m4.dcm,CT,dicom,True,test,3,
/Users/ayushchhetry/spartis assignment/JUH_MR-CT_dataset/CT/mask_CT/4_CT_m2.dcm,CT,dicom,True,test,3,
/Users/ayushchhetry/spartis assignment/JUH_MR-CT_dataset/CT/mask_CT/17_CT_m6.dcm,CT,dicom,True,test,3,
/Users/ayushchhetry/spartis assignment/JUH_MR-CT_dataset/CT/mask_CT/4_CT_m1.dcm,CT,dicom,True,test,3,
/Users/ayushchhetry/spartis assignment/JUH_MR-CT_dataset/CT/mask_CT/7_CT_m2.dcm,CT,dicom,True,test,3,
/Users/ayushchhetry/spartis assignment/JUH_MR-CT_dataset/CT/mask_CT/11_CT_m4.dcm,CT,dicom,True,test,3,
/Users/ayushchhetry/spartis assignment/JUH_MR-CT_dataset/MR/mask_MR/6_MR_m2.dcm,MRI,dicom,True,train,3,
/Users/ayushchhetry/spartis assignment/JUH_MR-CT_dataset/MR/mask_MR/2_MR_m3.dcm,MRI,dicom,True,train,3,
/Users/ayushchhetry/spartis assignment/JUH_MR-CT_dataset/MR/mask_MR/9_MR_m5.dcm,MRI,dicom,True,train,3,
/Users/ayushchhetry/spartis assignment/JUH_MR-CT_dataset/MR/mask_MR/10_MR_m3.dcm,MRI,dicom,True,train,3,
/Users/ayushchhetry/spartis assignment/JUH_MR-CT_dataset/MR/mask_MR/16_MR_m4.dcm,MRI,dicom,True,train,3,
/Users/ayushchhetry/spartis assignment/JUH_MR-CT_dataset/MR/mask_MR/20_MR_m3.dcm,MRI,dicom,True,train,3,
/Users/ayushchhetry/spartis assignment/JUH_MR-CT_dataset/MR/mask_MR/10_MR_m5.dcm,MRI,dicom,True,train,3,
/Users/ayushchhetry/spartis assignment/JUH_MR-CT_dataset/MR/mask_MR/8_MR_m5.dcm,MRI,dicom,True,train,3,
/Users/ayushchhetry/spartis assignment/JUH_MR-CT_dataset/MR/mask_MR/7_MR_m2.dcm,MRI,dicom,True,train,3,
/Users/ayushchhetry/spartis assignment/JUH_MR-CT_dataset/MR/mask_MR/14_MR_s4.dcm,MRI,dicom,True,train,3,
/Users/ayushchhetry/spartis assignment/JUH_MR-CT_dataset/MR/mask_MR/17_MR_m5.dcm,MRI,dicom,True,train,3,
/Users/ayushchhetry/spartis assignment/JUH_MR-CT_dataset/MR/mask_MR/18_MR_m4.dcm,MRI,dicom,True,train,3,
/Users/ayushchhetry/spartis assignment/JUH_MR-CT_dataset/MR/mask_MR/6_MR_m5.dcm,MRI,dicom,True,train,3,
/Users/ayushchhetry/spartis assignment/JUH_MR-CT_dataset/MR/mask_MR/19_MR_m2.dcm,MRI,dicom,True,train,3,
/Users/ayushchhetry/spartis assignment/JUH_MR-CT_dataset/MR/mask_MR/17_MR_m1.dcm,MRI,dicom,True,train,3,
/Users/ayushchhetry/spartis assignment/JUH_MR-CT_dataset/MR/mask_MR/18_MR_m6.dcm,MRI,dicom,True,train,3,
/Users/ayushchhetry/spartis assignment/JUH_MR-CT_dataset/MR/mask_MR/11_MR_m3.dcm,MRI,dicom,True,train,3,
/Users/ayushchhetry/spartis assignment/JUH_MR-CT_dataset/MR/mask_MR/4_MR_m1.dcm,MRI,dicom,True,train,3,
/Users/ayushchhetry/spartis assignment/JUH_MR-CT_dataset/MR/mask_MR/3_MR_m4.dcm,MRI,dicom,True,train,3,
/Users/ayushchhetry/spartis assignment/JUH_MR-CT_dataset/MR/mask_MR/7_MR_m5.dcm,MRI,dicom,True,train,3,
/Users/ayushchhetry/spartis assignment/JUH_MR-CT_dataset/MR/mask_MR/10_MR_m1.dcm,MRI,dicom,True,train,3,
/Users/ayushchhetry/spartis assignment/JUH_MR-CT_dataset/MR/mask_MR/20_MR_m1.dcm,MRI,dicom,True,train,3,
/Users/ayushchhetry/spartis assignment/JUH_MR-CT_dataset/MR/mask_MR/16_MR_m1.dcm,MRI,dicom,True,train,3,
/Users/ayushchhetry/spartis assignment/JUH_MR-CT_dataset/MR/mask_MR/16_MR_m2.dcm,MRI,dicom,True,train,3,
/Users/ayushchhetry/spartis assignment/JUH_MR-CT_dataset/MR/mask_MR/9_MR_m1.dcm,MRI,dicom,True,train,3,
/Users/ayushchhetry/spartis assignment/JUH_MR-CT_dataset/MR/mask_MR/16_MR_m5.dcm,MRI,dicom,True,train,3,
/Users/ayushchhetry/spartis assignment/JUH_MR-CT_dataset/MR/mask_MR/15_MR_m3.dcm,MRI,dicom,True,train,3,
/Users/ayushchhetry/spartis assignment/JUH_MR-CT_dataset/MR/mask_MR/5_MR_m2.dcm,MRI,dicom,True,train,3,
/Users/ayushchhetry/spartis assignment/JUH_MR-CT_dataset/MR/mask_MR/5_MR_m4.dcm,MRI,dicom,True,train,3,
/Users/ayushchhetry/spartis assignment/JUH_MR-CT_dataset/MR/mask_MR/18_MR_m3.dcm,MRI,dicom,True,train,3,
/Users/ayushchhetry/spartis assignment/JUH_MR-CT_dataset/MR/mask_MR/12_MR_m1.dcm,MRI,dicom,True,train,3,
/Users/ayushchhetry/spartis assignment/JUH_MR-CT_dataset/MR/mask_MR/16_MR_m3.dcm,MRI,dicom,True,train,3,
/Users/ayushchhetry/spartis assignment/JUH_MR-CT_dataset/MR/mask_MR/14_MR_s3.dcm,MRI,dicom,True,train,3,
/Users/ayushchhetry/spartis assignment/JUH_MR-CT_dataset/MR/mask_MR/8_MR_m2.dcm,MRI,dicom,True,train,3,
/Users/ayushchhetry/spartis assignment/JUH_MR-CT_dataset/MR/mask_MR/20_MR_m2.dcm,MRI,dicom,True,train,3,
/Users/ayushchhetry/spartis assignment/JUH_MR-CT_dataset/MR/mask_MR/11_MR_m1.dcm,MRI,dicom,True,train,3,
/Users/ayushchhetry/spartis assignment/JUH_MR-CT_dataset/MR/mask_MR/2_MR_m4.dcm,MRI,dicom,True,train,3,
/Users/ayushchhetry/spartis assignment/JUH_MR-CT_dataset/MR/mask_MR/10_MR_m2.dcm,MRI,dicom,True,train,3,
/Users/ayushchhetry/spartis assignment/JUH_MR-CT_dataset/MR/mask_MR/18_MR_m5.dcm,MRI,dicom,True,train,3,
/Users/ayushchhetry/spartis assignment/JUH_MR-CT_dataset/MR/mask_MR/3_MR_m6.dcm,MRI,dicom,True,train,3,
/Users/ayushchhetry/spartis assignment/JUH_MR-CT_dataset/MR/mask_MR/2_MR_m5.dcm,MRI,dicom,True,train,3,
/Users/ayushchhetry/spartis assignment/JUH_MR-CT_dataset/MR/mask_MR/6_MR_m4.dcm,MRI,dicom,True,train,3,
/Users/ayushchhetry/spartis assignment/JUH_MR-CT_dataset/MR/mask_MR/8_MR_m4.dcm,MRI,dicom,True,train,3,
/Users/ayushchhetry/spartis assignment/JUH_MR-CT_dataset/MR/mask_MR/15_MR_m2.dcm,MRI,dicom,True,train,3,
/Users/ayushchhetry/spartis assignment/JUH_MR-CT_dataset/MR/mask_MR/9_MR_m4.dcm,MRI,dicom,True,train,3,
/Users/ayushchhetry/spartis assignment/JUH_MR-CT_dataset/MR/mask_MR/19_MR_m3.dcm,MRI,dicom,True,train,3,
/Users/ayushchhetry/spartis assignment/JUH_MR-CT_dataset/MR/mask_MR/9_MR_m3.dcm,MRI,dicom,True,train,3,
/Users/ayushchhetry/spartis assignment/JUH_MR-CT_dataset/MR/mask_MR/17_MR_m4.dcm,MRI,dicom,True,train,3,
/Users/ayushchhetry/spartis assignment/JUH_MR-CT_dataset/MR/mask_MR/6_MR_m1.dcm,MRI,dicom,True,train,3,
/Users/ayushchhetry/spartis assignment/JUH_MR-CT_dataset/MR/mask_MR/15_MR_m5.dcm,MRI,dicom,True,train,3,
/Users/ayushchhetry/spartis assignment/JUH_MR-CT_dataset/MR/mask_MR/9_MR_m2.dcm,MRI,dicom,True,train,3,
/Users/ayushchhetry/spartis assignment/JUH_MR-CT_dataset/MR/mask_MR/3_MR_m3.dcm,MRI,dicom,True,train,3,
/Users/ayushchhetry/spartis assignment/JUH_MR-CT_dataset/MR/mask_MR/14_MR_m1.dcm,MRI,dicom,True,train,3,
/Users/ayushchhetry/spartis assignment/JUH_MR-CT_dataset/MR/mask_MR/3_MR_m5.dcm,MRI,dicom,True,train,3,
/Users/ayushchhetry/spartis assignment/JUH_MR-CT_dataset/MR/mask_MR/1_MR_m1.dcm,MRI,dicom,True,train,3,
/Users/ayushchhetry/spartis assignment/JUH_MR-CT_dataset/MR/mask_MR/11_MR_m5.dcm,MRI,dicom,True,train,3,
/Users/ayushchhetry/spartis assignment/JUH_MR-CT_dataset/MR/mask_MR/17_MR_m3.dcm,MRI,dicom,True,train,3,
/Users/ayushchhetry/spartis assignment/JUH_MR-CT_dataset/MR/mask_MR/10_MR_m4.dcm,MRI,dicom,True,train,3,
/Users/ayushchhetry/spartis assignment/JUH_MR-CT_dataset/MR/mask_MR/8_MR_m3.dcm,MRI,dicom,True,train,3,
/Users/ayushchhetry/spartis assignment/JUH_MR-CT_dataset/MR/mask_MR/14_MR_s2.dcm,MRI,dicom,True,train,3,
/Users/ayushchhetry/spartis assignment/JUH_MR-CT_dataset/MR/mask_MR/19_MR_m4.dcm,MRI,dicom,True,train,3,
/Users/ayushchhetry/spartis assignment/JUH_MR-CT_dataset/MR/mask_MR/1_MR_m4.dcm,MRI,dicom,True,train,3,
/Users/ayushchhetry/spartis assignment/JUH_MR-CT_dataset/MR/mask_MR/1_MR_m2.dcm,MRI,dicom,True,val,3,
/Users/ayushchhetry/spartis assignment/JUH_MR-CT_dataset/MR/mask_MR/5_MR_m3.dcm,MRI,dicom,True,val,3,
/Users/ayushchhetry/spartis assignment/JUH_MR-CT_dataset/MR/mask_MR/6_MR_m3.dcm,MRI,dicom,True,val,3,
/Users/ayushchhetry/spartis assignment/JUH_MR-CT_dataset/MR/mask_MR/17_MR_m6.dcm,MRI,dicom,True,val,3,
/Users/ayushchhetry/spartis assignment/JUH_MR-CT_dataset/MR/mask_MR/17_MR_m2.dcm,MRI,dicom,True,val,3,
/Users/ayushchhetry/spartis assignment/JUH_MR-CT_dataset/MR/mask_MR/3_MR_m1.dcm,MRI,dicom,True,val,3,
/Users/ayushchhetry/spartis assignment/JUH_MR-CT_dataset/MR/mask_MR/7_MR_m4.dcm,MRI,dicom,True,val,3,
/Users/ayushchhetry/spartis assignment/JUH_MR-CT_dataset/MR/mask_MR/2_MR_m2.dcm,MRI,dicom,True,val,3,
/Users/ayushchhetry/spartis assignment/JUH_MR-CT_dataset/MR/mask_MR/1_MR_m5.dcm,MRI,dicom,True,val,3,
/Users/ayushchhetry/spartis assignment/JUH_MR-CT_dataset/MR/mask_MR/11_MR_m2.dcm,MRI,dicom,True,val,3,
/Users/ayushchhetry/spartis assignment/JUH_MR-CT_dataset/MR/mask_MR/8_MR_m1.dcm,MRI,dicom,True,val,3,
/Users/ayushchhetry/spartis assignment/JUH_MR-CT_dataset/MR/mask_MR/12_MR_m2.dcm,MRI,dicom,True,val,3,
/Users/ayushchhetry/spartis assignment/JUH_MR-CT_dataset/MR/mask_MR/7_MR_m1.dcm,MRI,dicom,True,val,3,
/Users/ayushchhetry/spartis assignment/JUH_MR-CT_dataset/MR/mask_MR/19_MR_m1.dcm,MRI,dicom,True,test,3,
/Users/ayushchhetry/spartis assignment/JUH_MR-CT_dataset/MR/mask_MR/15_MR_m4.dcm,MRI,dicom,True,test,3,
/Users/ayushchhetry/spartis assignment/JUH_MR-CT_dataset/MR/mask_MR/15_MR_m1.dcm,MRI,dicom,True,test,3,
/Users/ayushchhetry/spartis assignment/JUH_MR-CT_dataset/MR/mask_MR/18_MR_m1.dcm,MRI,dicom,True,test,3,
/Users/ayushchhetry/spartis assignment/JUH_MR-CT_dataset/MR/mask_MR/4_MR_m2.dcm,MRI,dicom,True,test,3,
/Users/ayushchhetry/spartis assignment/JUH_MR-CT_dataset/MR/mask_MR/1_MR_m3.dcm,MRI,dicom,True,test,3,
/Users/ayushchhetry/spartis assignment/JUH_MR-CT_dataset/MR/mask_MR/12_MR_m3.dcm,MRI,dicom,True,test,3,
/Users/ayushchhetry/spartis assignment/JUH_MR-CT_dataset/MR/mask_MR/2_MR_m1.dcm,MRI,dicom,True,test,3,
/Users/ayushchhetry/spartis assignment/JUH_MR-CT_dataset/MR/mask_MR/13_MR_m1.dcm,MRI,dicom,True,test,3,
/Users/ayushchhetry/spartis assignment/JUH_MR-CT_dataset/MR/mask_MR/12_MR_m4.dcm,MRI,dicom,True,test,3,
/Users/ayushchhetry/spartis assignment/JUH_MR-CT_dataset/MR/mask_MR/5_MR_m1.dcm,MRI,dicom,True,test,3,
/Users/ayushchhetry/spartis assignment/JUH_MR-CT_dataset/MR/mask_MR/18_MR_m2.dcm,MRI,dicom,True,test,3,
/Users/ayushchhetry/spartis assignment/JUH_MR-CT_dataset/MR/mask_MR/4_MR_m3.dcm,MRI,dicom,True,test,3,
/Users/ayushchhetry/spartis assignment/JUH_MR-CT_dataset/MR/mask_MR/7_MR_m3.dcm,MRI,dicom,True,test,3,
/Users/ayushchhetry/spartis assignment/JUH_MR-CT_dataset/MR/mask_MR/11_MR_m4.dcm,MRI,dicom,True,test,3,
